goal_id,status,evidence_scope,reasons
G0,NOT_RUN,SOFTWARE_ONLY,required source-bound metric has not been produced
G1,NOT_RUN,SOFTWARE_ONLY,required source-bound metric has not been produced
G2,INSUFFICIENT_EVIDENCE,SOFTWARE_ONLY,software threshold evaluation only; no accepted physical evidence
G2a,FAIL,SOFTWARE_ONLY,bytes and penalized P95 duration are separate secondary targets
G3,NOT_RUN,SOFTWARE_ONLY,required source-bound metric has not been produced
G4,NOT_RUN,SOFTWARE_ONLY,required source-bound metric has not been produced
G5,NOT_RUN,SOFTWARE_ONLY,required source-bound metric has not been produced
C1,NOT_RUN,SOFTWARE_ONLY,required source-bound metric has not been produced
C2,NOT_RUN,SOFTWARE_ONLY,required source-bound metric has not been produced
