physics_step,sim_time_s,observation_id,decode_status,reason
629,2.620833354300026,rgbd-4496db3c06814affb2e17673a5be072b,UNKNOWN,known_marker_not_observed
630,2.625000021000026,rgbd-1530e4eec40c464aa57ac5fe616836c8,UNKNOWN,known_marker_not_observed
631,2.6291666877000264,rgbd-7a4f1e376b334bfca9824ccff549f8ae,UNKNOWN,known_marker_not_observed
632,2.6333333544000266,rgbd-2371b329b8b24d2fabcfc37d580651bd,UNKNOWN,known_marker_not_observed
633,2.637500021100027,rgbd-fac2407039a34943909cedf88c3816e4,UNKNOWN,known_marker_not_observed
634,2.641666687800027,rgbd-bdf938819211443197aa23c1e9006a78,UNKNOWN,known_marker_not_observed
635,2.645833354500027,rgbd-dfc5bca43e014d0db3a761548cc2b22e,UNKNOWN,known_marker_not_observed
636,2.6500000212000274,rgbd-0e014d0d0b1e48678b1908bff740b056,UNKNOWN,known_marker_not_observed
637,2.6541666879000276,rgbd-d81d0999906b4742bb5bcbb5b2e25188,UNKNOWN,known_marker_not_observed
638,2.658333354600028,rgbd-66b7910adcfb4472b36ace8bc39d5c25,UNKNOWN,known_marker_not_observed
639,2.662500021300028,rgbd-ac6d829a228a43fdbc3e2fa5b2ae14c1,UNKNOWN,known_marker_not_observed
640,2.6666666880000283,rgbd-b6f8a3e6ace94f32a6afba5a63b17465,UNKNOWN,known_marker_not_observed
641,2.6708333547000285,rgbd-ccfdfdb9dd2441b1bd0617042c4cd6e5,UNKNOWN,known_marker_not_observed
870,3.6250000290000766,rgbd-b0756487894146429233b5003354b0d7,UNKNOWN,registered_marker_size_inconsistent
871,3.6291666957000768,rgbd-0343b549a76b461bac4534e778306f57,UNKNOWN,registered_marker_size_inconsistent
872,3.633333362400077,rgbd-1e9562b233e5479d996179e6ab8afaa9,UNKNOWN,known_marker_not_observed
873,3.637500029100077,rgbd-9b7376853dcf41cba6d08050f7b44c79,UNKNOWN,known_marker_not_observed
874,3.6416666958000774,rgbd-de406d7fb05f472b97e2d1ad4d2f5023,UNKNOWN,known_marker_not_observed
876,3.650000029200078,rgbd-1aa1157cb1d044d4ade01fc18425b67b,UNKNOWN,known_marker_not_observed
877,3.654166695900078,rgbd-714e8647de4a41788076991279c13e56,UNKNOWN,known_marker_not_observed
878,3.6583333626000782,rgbd-179a8974f07d4d9dbedfb743f714a185,UNKNOWN,registered_marker_size_inconsistent
879,3.6625000293000785,rgbd-b26edc3984db4022b596fde0e034708f,UNKNOWN,known_marker_not_observed
880,3.6666666960000787,rgbd-6f16122b030c450c999ac34337ba9065,UNKNOWN,known_marker_not_observed
881,3.670833362700079,rgbd-726bbfeaa95648f985c8c02255600c42,UNKNOWN,known_marker_not_observed
882,3.675000029400079,rgbd-7e58e393c9e74454a2e16f64787817e0,UNKNOWN,known_marker_not_observed
883,3.6791666961000793,rgbd-822e54c730164e53bc8daaee197cc1d0,UNKNOWN,known_marker_not_observed
884,3.6833333628000795,rgbd-5d50042f4d1949bbac9a0d6f1e2eaac6,UNKNOWN,known_marker_not_observed
885,3.6875000295000797,rgbd-9fa32d5dc76e4c9c85affbe95041b041,UNKNOWN,known_marker_not_observed
886,3.69166669620008,rgbd-526de5bc477e4c05b2d696e411c4fbe2,UNKNOWN,known_marker_not_observed
887,3.69583336290008,rgbd-4dfd2909b2d74535bd6103bdefb3c4bf,UNKNOWN,known_marker_not_observed
888,3.7000000296000803,rgbd-f96f5625580d49979ff675d37cdbe32f,UNKNOWN,known_marker_not_observed
889,3.7041666963000806,rgbd-7d83bfe33aa741559ccfd20b8316dc2e,UNKNOWN,known_marker_not_observed
890,3.7083333630000808,rgbd-485d5e4e4b7a4922be229fe69e437227,UNKNOWN,known_marker_not_observed
891,3.712500029700081,rgbd-57f1669f3a634e65b861e38e507de07c,UNKNOWN,known_marker_not_observed
892,3.716666696400081,rgbd-2621dda12eca4629a9b5f44509caaf75,UNKNOWN,known_marker_not_observed
893,3.7208333631000814,rgbd-35a5af3de0684482b6b767538c4d5035,UNKNOWN,known_marker_not_observed
894,3.7250000298000816,rgbd-845bfacb34ca4959a4c41e9ffa696067,UNKNOWN,known_marker_not_observed
895,3.729166696500082,rgbd-628827051eac4a8bb612a35c436762d3,UNKNOWN,known_marker_not_observed
896,3.733333363200082,rgbd-c1ecb8b2f8e7484485e76361fc6e218d,UNKNOWN,known_marker_not_observed
897,3.7375000299000822,rgbd-bb29e83975304bb887c8164887b24b34,UNKNOWN,known_marker_not_observed
898,3.7416666966000824,rgbd-752868c016c3415abf438b92e3aaaa0f,UNKNOWN,known_marker_not_observed
899,3.7458333633000827,rgbd-7c847d9b57c1493694e07eceb800ca2a,UNKNOWN,known_marker_not_observed
900,3.750000030000083,rgbd-e1a05509121343ce873bb202150da8b2,UNKNOWN,known_marker_not_observed
901,3.754166696700083,rgbd-76f6820497bc4bfe9dc1d98a44e17238,UNKNOWN,known_marker_not_observed
902,3.7583333634000833,rgbd-ec4ec038780e46eeb1a0d34bcccdfbf6,UNKNOWN,known_marker_not_observed
903,3.7625000301000835,rgbd-9f976ed2b1ed4cc882db64984ab74089,UNKNOWN,known_marker_not_observed
904,3.7666666968000837,rgbd-de2c7e894013440b8376486e15e21629,UNKNOWN,known_marker_not_observed
905,3.770833363500084,rgbd-6b1122dde3e64a9aade28b84d3ffa34c,UNKNOWN,known_marker_not_observed
906,3.775000030200084,rgbd-f6590032128b4ada87446db65d97cc58,UNKNOWN,known_marker_not_observed
907,3.7791666969000843,rgbd-312fcba4aa754445b880d53657d5973d,UNKNOWN,known_marker_not_observed
908,3.7833333636000845,rgbd-ed3ceaefbcb144728e1608c66869847a,UNKNOWN,known_marker_not_observed
909,3.7875000303000848,rgbd-dd94dcdf781e4cb0bbf0f4eb1f165c02,UNKNOWN,known_marker_not_observed
910,3.791666697000085,rgbd-307080221058404db7f37560fb892c1f,UNKNOWN,known_marker_not_observed
911,3.795833363700085,rgbd-f7c67fc79df14ae88721764cdceee239,UNKNOWN,known_marker_not_observed
912,3.8000000304000854,rgbd-e02daf3274c84aed8a3d31acde0c7eb9,UNKNOWN,known_marker_not_observed
913,3.8041666971000856,rgbd-439d80a5253f441c86559e1d30f493ad,UNKNOWN,known_marker_not_observed
914,3.808333363800086,rgbd-7ae24f9c96d44e2e9b1801f743404ce3,UNKNOWN,known_marker_not_observed
915,3.812500030500086,rgbd-6b420c32473241d69c85713b2fe02e43,UNKNOWN,known_marker_not_observed
916,3.8166666972000862,rgbd-09a8ac7965774b87adea9f35585e8bbd,UNKNOWN,known_marker_not_observed
917,3.8208333639000864,rgbd-6fc5e4a049364fcba0a5cd812e12a57a,UNKNOWN,known_marker_not_observed
918,3.8250000306000866,rgbd-903a8641ff9b45cb831472fda1e4af5b,UNKNOWN,known_marker_not_observed
919,3.829166697300087,rgbd-b903acdcd83945e68e8f95922edd013e,UNKNOWN,known_marker_not_observed
920,3.833333364000087,rgbd-4055a40bbec44021bbfe0798daded714,UNKNOWN,known_marker_not_observed
921,3.8375000307000873,rgbd-2fbf83507dc24a9c8af3976c7053ad95,UNKNOWN,known_marker_not_observed
922,3.8416666974000875,rgbd-7e13f83423694d99b853027da1288339,UNKNOWN,known_marker_not_observed
923,3.8458333641000877,rgbd-ebfe0939aaf34a86be700613f606b5af,UNKNOWN,known_marker_not_observed
924,3.850000030800088,rgbd-2c6e666dc8174e859d1c28d061702bde,UNKNOWN,known_marker_not_observed
925,3.854166697500088,rgbd-702d6871272445dca67f75d8f455a721,UNKNOWN,known_marker_not_observed
926,3.8583333642000883,rgbd-1d7a23bb1c85467d9a4a2973c338dade,UNKNOWN,known_marker_not_observed
927,3.8625000309000885,rgbd-b191c94fed93489e8cc6f8597068cb2e,UNKNOWN,known_marker_not_observed
928,3.8666666976000887,rgbd-79a679e83e84433eb48f052d14540533,UNKNOWN,known_marker_not_observed
929,3.870833364300089,rgbd-0b74999fc1134cf9a52c32837edbd69b,UNKNOWN,known_marker_not_observed
930,3.875000031000089,rgbd-34dc20841eb4422a9f6e29fb13af7a64,UNKNOWN,known_marker_not_observed
931,3.8791666977000894,rgbd-88820cab4e074aa298ac3fbfd46c9978,UNKNOWN,known_marker_not_observed
932,3.8833333644000896,rgbd-8a3f86375bd34b27b59afd2f94a54dfc,UNKNOWN,known_marker_not_observed
933,3.88750003110009,rgbd-aa832d78f850414898511e7c421ae356,UNKNOWN,known_marker_not_observed
934,3.89166669780009,rgbd-1ee05941d774433187906f2fac23164b,UNKNOWN,known_marker_not_observed
935,3.89583336450009,rgbd-18c86a77bc05469a94570cedc5c29831,UNKNOWN,known_marker_not_observed
936,3.9000000312000904,rgbd-1a2185a10c804ddfbd8b1cde517149fb,UNKNOWN,known_marker_not_observed
937,3.9041666979000906,rgbd-2fd262eceafe4c44beee8a05c48147cb,UNKNOWN,known_marker_not_observed
938,3.908333364600091,rgbd-d92430a5842946ce836f3209fbccf46f,UNKNOWN,known_marker_not_observed
939,3.912500031300091,rgbd-8f6e3286bdd040a5951689627600d151,UNKNOWN,known_marker_not_observed
940,3.9166666980000913,rgbd-c7c9df4d54e742fd8cd269f9d08bd84c,UNKNOWN,known_marker_not_observed
941,3.9208333647000915,rgbd-47b6b20fb2854c50a73f9849bf0f3680,UNKNOWN,known_marker_not_observed
942,3.9250000314000917,rgbd-7dbd705dfcb94fdfbf8d85c0c8f053a8,UNKNOWN,known_marker_not_observed
943,3.929166698100092,rgbd-d07e026131f242bbb2d3df5a588f6ad5,UNKNOWN,known_marker_not_observed
944,3.933333364800092,rgbd-dafe9ac1610d4550a12dfafeb508b0b2,UNKNOWN,known_marker_not_observed
945,3.9375000315000923,rgbd-986acfb5556f41589b28379627876e2e,UNKNOWN,known_marker_not_observed
946,3.9416666982000925,rgbd-48c8597d91564b98949485a32f4bc5fa,UNKNOWN,known_marker_not_observed
947,3.9458333649000927,rgbd-3e6f599b5140423a9f8e02365d87f66a,UNKNOWN,known_marker_not_observed
948,3.950000031600093,rgbd-bd6453e430f145059e27feed89c1ed4a,UNKNOWN,known_marker_not_observed
949,3.954166698300093,rgbd-858b266a7ecf4a14ba0e640b5cecd237,UNKNOWN,known_marker_not_observed
950,3.9583333650000934,rgbd-f3e6996d92c4426da5f8f2f1fc306d0e,UNKNOWN,known_marker_not_observed
951,3.9625000317000936,rgbd-b7dc4f1e88bf4d3bb047f635061d5792,UNKNOWN,known_marker_not_observed
952,3.966666698400094,rgbd-86de6c6e064141c196305b1a9cbcc2c2,UNKNOWN,known_marker_not_observed
953,3.970833365100094,rgbd-9e89cc077ac3489b84e8a59e3a39be3e,UNKNOWN,known_marker_not_observed
954,3.975000031800094,rgbd-07947b7933444b599bdcd5e68d2942b8,UNKNOWN,known_marker_not_observed
955,3.9791666985000944,rgbd-ae63c37f3af34d5582411c8195a41671,UNKNOWN,known_marker_not_observed
956,3.9833333652000946,rgbd-068ebe315a6b4708a8856d82c9909d6b,UNKNOWN,known_marker_not_observed
957,3.987500031900095,rgbd-bebb7fa05ea34bb6a0d65dceebf4206f,UNKNOWN,known_marker_not_observed
958,3.991666698600095,rgbd-cd5256abe1d8448da0f7b03565427bc1,UNKNOWN,known_marker_not_observed
959,3.9958333653000953,rgbd-ac5c9ca95a1c473e845b77d3bb2168b8,UNKNOWN,known_marker_not_observed
960,4.000000032000095,rgbd-6a88d5a6cfe34fdca3a69d5b9051b300,UNKNOWN,known_marker_not_observed
961,4.004166698700095,rgbd-cf7315f4bcec44368ba28b5f18efc055,UNKNOWN,known_marker_not_observed
962,4.0083333654000946,rgbd-885f9112ae1a46088a12e0f76b69b64c,UNKNOWN,known_marker_not_observed
963,4.012500032100094,rgbd-d4d030a8b0e04472bd5692ffe33fde07,UNKNOWN,known_marker_not_observed
964,4.016666698800094,rgbd-fd2432d64a4042dd8ea48cf85cfbd2c8,UNKNOWN,known_marker_not_observed
965,4.020833365500094,rgbd-41b455b7e1fb4cf2860ecf75d03b775c,UNKNOWN,known_marker_not_observed
966,4.025000032200094,rgbd-cea99eb719ea404d866cc6d500c74c01,UNKNOWN,known_marker_not_observed
967,4.029166698900093,rgbd-aa29383586184f4d93b2f76bbefc65e5,UNKNOWN,known_marker_not_observed
968,4.033333365600093,rgbd-5f38f200ad4f49d4b0fcc1773e4c02e3,UNKNOWN,known_marker_not_observed
969,4.037500032300093,rgbd-b5a5a4467357490398a77ac50e8521da,UNKNOWN,known_marker_not_observed
970,4.041666699000093,rgbd-3873dd035aad4f46805b6e2ac6d34687,UNKNOWN,known_marker_not_observed
971,4.045833365700092,rgbd-dfdd3d3e01c5458a86770f1da1c1463d,UNKNOWN,known_marker_not_observed
972,4.050000032400092,rgbd-9217cfbea21d4c3e91b1d62cbdbbc749,UNKNOWN,known_marker_not_observed
973,4.054166699100092,rgbd-be73e48637f041ab875e7d2669ae815e,UNKNOWN,known_marker_not_observed
974,4.058333365800092,rgbd-7060f54a88a64fe2bda5396a8b54fa6e,UNKNOWN,known_marker_not_observed
975,4.0625000325000915,rgbd-f9c391d0bb4c492ab117baca909ccb9c,UNKNOWN,known_marker_not_observed
976,4.066666699200091,rgbd-775223f47eb342989080abe6429efa75,UNKNOWN,known_marker_not_observed
977,4.070833365900091,rgbd-e5fca8c473d84b5aa366d4ee957e4418,UNKNOWN,known_marker_not_observed
978,4.075000032600091,rgbd-409de95c53bb462b9ab82c0f68d433dd,UNKNOWN,known_marker_not_observed
979,4.079166699300091,rgbd-7e0a9365ae614fa4bc02dbd64cfbb747,UNKNOWN,known_marker_not_observed
980,4.08333336600009,rgbd-d215685ac9794eb79d10406b3fdecb59,UNKNOWN,known_marker_not_observed
981,4.08750003270009,rgbd-3bed0f82ca71449d8bc196c3095fde88,UNKNOWN,known_marker_not_observed
982,4.09166669940009,rgbd-846fcda65bad4256af6ed9deda049486,UNKNOWN,known_marker_not_observed
983,4.09583336610009,rgbd-fda0848718f24b2f99670c187c05909c,UNKNOWN,known_marker_not_observed
984,4.100000032800089,rgbd-da783eda95b94a3ca8cf03a1589de592,UNKNOWN,known_marker_not_observed
985,4.104166699500089,rgbd-c43d588d9e294a9db3ba6138a12ec672,UNKNOWN,known_marker_not_observed
986,4.108333366200089,rgbd-3981fa1def7044fcb7b7c11343b65a7a,UNKNOWN,known_marker_not_observed
987,4.112500032900089,rgbd-534e9ea281e44512a6f3cc2febd5e819,UNKNOWN,known_marker_not_observed
988,4.1166666996000885,rgbd-91ff9be4f24e4a6895d1c57af63b6a98,UNKNOWN,known_marker_not_observed
989,4.120833366300088,rgbd-bf7d8af4d52d475092d7c4415098b646,UNKNOWN,known_marker_not_observed
990,4.125000033000088,rgbd-7cf3c0a53b034271893744190c9c41a4,UNKNOWN,known_marker_not_observed
991,4.129166699700088,rgbd-1de60aca92cf4274ab555a0b40b15602,UNKNOWN,known_marker_not_observed
992,4.1333333664000875,rgbd-d72de708355145f59f5a141450657b64,UNKNOWN,known_marker_not_observed
993,4.137500033100087,rgbd-b29063fb59da4a0da97dfd4e84775b25,UNKNOWN,known_marker_not_observed
994,4.141666699800087,rgbd-0ec2bede1e7d42d1a8e07fe814a43de1,UNKNOWN,known_marker_not_observed
1654,6.891666721799933,rgbd-84db818d081d47bf8455134308f627e6,UNKNOWN,known_marker_not_observed
1972,8.216666732399858,rgbd-f13d64fe427b4c11a0549ad03885e54c,UNKNOWN,known_marker_not_observed
2369,9.870833412299765,rgbd-f239c8d8d47d45818eafd9ede30d2dca,UNKNOWN,known_marker_not_observed
2370,9.875000078999765,rgbd-f9616eea58064575961329bbe7717c1f,UNKNOWN,known_marker_not_observed
2371,9.879166745699765,rgbd-d1f2e1e08fbe4511a5e4eaf77f93e7c3,UNKNOWN,known_marker_not_observed
2384,9.933333412799762,rgbd-b3086952569045d180a754555f28f3dd,UNKNOWN,known_marker_not_observed
2392,9.96666674639976,rgbd-bb0fe419469e4abf94bf1c7b5021de8b,UNKNOWN,known_marker_not_observed
2397,9.987500079899759,rgbd-4a845879c3264f5a936e538d0d89f652,UNKNOWN,known_marker_not_observed
2432,10.13333341439975,rgbd-2f1ba51eb0c74bbb8473d679d445faed,UNKNOWN,known_marker_not_observed
2442,10.175000081399748,rgbd-85c770f909d9469bbb65733a5a1393bb,UNKNOWN,known_marker_not_observed
2452,10.216666748399746,rgbd-2a3246227de14a149ffaff49b37e663d,UNKNOWN,known_marker_not_observed
2466,10.275000082199742,rgbd-39b724c625044dc5a44338f2eb1e362b,UNKNOWN,known_marker_not_observed
2480,10.33333341599974,rgbd-c1a8d2e9462e44518852dd86c9187b41,UNKNOWN,known_marker_not_observed
2576,10.733333419199717,rgbd-e66940293e0b43098cd74fa37b0d04db,UNKNOWN,known_marker_not_observed
2593,10.804166753099713,rgbd-37ea01f914b448b4a5bbd903ea962ed1,UNKNOWN,known_marker_not_observed
2856,11.900000095199651,rgbd-3d453c81a6c548dea2a7dd696e4ebd4f,UNKNOWN,known_marker_not_observed
2871,11.962500095699648,rgbd-6b4bc368268e4d16a0778d8efc29fec1,UNKNOWN,known_marker_not_observed
2875,11.979166762499647,rgbd-246460a572034004804674ccd0926e7d,UNKNOWN,known_marker_not_observed
2881,12.004166762699645,rgbd-e28f4cfa415846089662bfbe6afa6d6a,UNKNOWN,known_marker_not_observed
2910,12.125000096999639,rgbd-0f80f0a5956c44e98654969592f416fc,UNKNOWN,known_marker_not_observed
2924,12.183333430799635,rgbd-817420ed81e341e6a801907657b32446,UNKNOWN,known_marker_not_observed
2939,12.245833431299632,rgbd-37533034f5d844e282c2afa99c1698c2,UNKNOWN,known_marker_not_observed
2948,12.28333343159963,rgbd-26535b2eee50439f85b414e822663878,UNKNOWN,known_marker_not_observed
3006,12.525000100199616,rgbd-f0586b7205a84c978439f074b2d2ed65,UNKNOWN,known_marker_not_observed
3007,12.529166766899616,rgbd-3501aa1683374fe98a6658bd5101da7d,UNKNOWN,known_marker_not_observed
3008,12.533333433599616,rgbd-015433181674409c97eddfafcb7a72ad,UNKNOWN,known_marker_not_observed
3009,12.537500100299615,rgbd-41fe8e80a3024724ab582e1c87b0c9f0,UNKNOWN,known_marker_not_observed
3046,12.691666768199607,rgbd-89767d7f8b984be292dc281e348e6177,UNKNOWN,known_marker_not_observed
3062,12.758333435399603,rgbd-16110a0053d047068515c1de9f76d569,UNKNOWN,known_marker_not_observed
3073,12.8041667690996,rgbd-2fe20ab921104b278a769a98d87c149c,UNKNOWN,known_marker_not_observed
3135,13.062500104499586,rgbd-ab31c50e3ae64a49a794a024bd637fb4,UNKNOWN,known_marker_not_observed
3158,13.15833343859958,rgbd-3a627f35bd9e410a9210e325c8d9f3ca,UNKNOWN,known_marker_not_observed
3171,13.212500105699577,rgbd-72929e3a76224eb2b418cf6c811fbc78,UNKNOWN,known_marker_not_observed
3180,13.250000105999575,rgbd-317c30aa2d6d4c7e84c72db23050ab06,UNKNOWN,known_marker_not_observed
3232,13.466666774399563,rgbd-5ff46040df9d41229eea162930d713b0,UNKNOWN,known_marker_not_observed
3269,13.620833442299555,rgbd-d5e9c6ed2ac04bd5a8d53db54dba953d,UNKNOWN,known_marker_not_observed
3270,13.625000108999554,rgbd-fe97eb7bb97843c78624f1e587800854,UNKNOWN,known_marker_not_observed
3271,13.629166775699554,rgbd-3d2cead786844f72adc06bcf58f6b0a1,UNKNOWN,known_marker_not_observed
3337,13.904166777899539,rgbd-d4501637685f4645aab9bff39b323def,UNKNOWN,known_marker_not_observed
3338,13.908333444599538,rgbd-55da4f85b7e448b4b9489663890789dc,UNKNOWN,known_marker_not_observed
3388,14.116666779599527,rgbd-8a580074436247fab52ea0a4998dfbaf,UNKNOWN,known_marker_not_observed
3389,14.120833446299526,rgbd-f4aa7917837446a49fffcec7b5f9d999,UNKNOWN,known_marker_not_observed
3730,15.541666790999447,rgbd-5056c5f5b331491fa9de78a9a74a5c95,UNKNOWN,known_marker_not_observed
3754,15.641666791799441,rgbd-737c99ea1c6b4b2d9274bd6870512596,UNKNOWN,known_marker_not_observed
3760,15.66666679199944,rgbd-d28cbd1b94074880a266839a8d325aec,UNKNOWN,known_marker_not_observed
3863,16.095833462099456,rgbd-8f949b1b3adc410c92c9162ff3f7ab62,UNKNOWN,known_marker_not_observed
3864,16.100000128799458,rgbd-ee4e39b0d01649789cabc04adae0be11,UNKNOWN,known_marker_not_observed
3985,16.604166799499644,rgbd-483492f534f4448fb12f372a01af2524,UNKNOWN,known_marker_not_observed
3986,16.608333466199646,rgbd-7a1e927e085a412ab04be38719443235,UNKNOWN,known_marker_not_observed
3987,16.612500132899648,rgbd-47fca8647bb64e77b5085aaa65d39101,UNKNOWN,known_marker_not_observed
4006,16.691666800199677,rgbd-e7729fd4a7a543f98d5bc1d5fda86468,UNKNOWN,known_marker_not_observed
4212,17.550000140399995,rgbd-2b849242134a49148f626ca6cafffeca,UNKNOWN,known_marker_not_observed
