index,seed,case,source,y_width_m,baseline_status,h3_status,baseline_reason,h3_reason,baseline_lift_m,h3_lift_m,baseline_hold_s,h3_hold_s
0,914001,NORMAL,FIXED_S01_CONTROL,0.07,SUCCESS,SUCCESS,,,0.09457716001463214,0.10389920812730212,0.7166666723999597,0.7625000060999572
1,914001,NO_CONTACT,FIXED_NO_CONTACT_CONTROL,0.07,FAILED,FAILED,LIFT_BELOW_THRESHOLD,LIFT_BELOW_THRESHOLD,9.535416470307645e-09,9.535416470307645e-09,0.0,0.0
2,914003,NORMAL,SAMPLED_CURRENT_ASSET,0.06082629889313657,SAFETY_VIOLATION,SUCCESS,PHYSICAL_SAFETY_VIOLATION,,9.53541648765488e-09,0.10891806063737816,0.0,0.7708333394999567
3,914004,NORMAL,SAMPLED_CURRENT_ASSET,0.06753432353526574,FAILED,SUCCESS,LIFT_BELOW_THRESHOLD,,0.0026826013303974244,0.09719828459370872,0.0,0.5916666713999668
4,914005,NORMAL,SAMPLED_CURRENT_ASSET,0.06696100892951706,SUCCESS,SUCCESS,,,0.09588505522720198,0.11055779956486433,0.8208333398999539,0.9000000071999494
5,914006,NORMAL,SAMPLED_CURRENT_ASSET,0.06129894966176395,FAILED,SUCCESS,LIFT_BELOW_THRESHOLD,,9.535416494593774e-09,0.11563460227159326,0.0,0.8666666735999513
6,914007,NORMAL,SAMPLED_CURRENT_ASSET,0.06829002419549826,FAILED,SUCCESS,PLACE_NOT_STABLE,,0.0942349794437635,0.10854146456737973,0.7208333390999595,0.7041666722999604
7,914008,NORMAL,SAMPLED_CURRENT_ASSET,0.06637439558176376,FAILED,SUCCESS,PLACE_NOT_STABLE,,0.09652760084262266,0.1128586591195613,0.9125000072999487,0.8208333398999539
8,914009,NORMAL,SAMPLED_CURRENT_ASSET,0.06919307027767813,FAILED,SUCCESS,PLACE_NOT_STABLE,,0.08246034883419524,0.10894529771738005,0.5500000043999691,0.6291666716999647
9,914010,NORMAL,SAMPLED_CURRENT_ASSET,0.06862620376555331,SAFETY_VIOLATION,SUCCESS,PHYSICAL_SAFETY_VIOLATION,,0.09834958190331361,0.10443063681036188,0.641666671799964,0.6291666716999647
10,914011,NORMAL,SAMPLED_CURRENT_ASSET,0.06774033182728356,FAILED,SUCCESS,HOLD_TOO_SHORT,,0.06599849117821396,0.11478798340685563,0.17500000139999017,0.641666671799964
11,914012,NORMAL,SAMPLED_CURRENT_ASSET,0.0633840684531915,SAFETY_VIOLATION,SUCCESS,PHYSICAL_SAFETY_VIOLATION,,5.069156815307174e-06,0.09230454551862483,0.0,0.5375000042999698
12,914013,NORMAL,SAMPLED_CURRENT_ASSET,0.06119896773280863,FAILED,SUCCESS,LIFT_BELOW_THRESHOLD,,9.535416470307645e-09,0.10964776669755158,0.0,0.6750000053999621
13,914014,NORMAL,SAMPLED_CURRENT_ASSET,0.06803000323718635,SAFETY_VIOLATION,FAILED,PHYSICAL_SAFETY_VIOLATION,PLACE_NOT_STABLE,0.022416481459956006,0.08851822762479525,0.0,0.5750000045999677
14,914015,NORMAL,SAMPLED_CURRENT_ASSET,0.06094304918898143,FAILED,SUCCESS,LIFT_BELOW_THRESHOLD,,4.652618469276615e-07,0.10640070922730462,0.0,0.7500000059999579
15,914016,NORMAL,SAMPLED_CURRENT_ASSET,0.06547571302277712,FAILED,SUCCESS,LIFT_BELOW_THRESHOLD,,0.0002557823559472816,0.10851480584393312,0.0,0.7208333390999595
16,914017,NORMAL,SAMPLED_CURRENT_ASSET,0.0626344211128526,FAILED,SUCCESS,LIFT_BELOW_THRESHOLD,,9.535416494593774e-09,0.1108638778013834,0.0,0.783333339599956
17,914018,NORMAL,SAMPLED_CURRENT_ASSET,0.06073872448090417,FAILED,SUCCESS,LIFT_BELOW_THRESHOLD,,9.535416477246539e-09,0.11057594169748398,0.0,0.7958333396999553
18,914019,NORMAL,SAMPLED_CURRENT_ASSET,0.06364712564360818,FAILED,SUCCESS,LIFT_BELOW_THRESHOLD,,1.4205423043839316e-06,0.10131859201470839,0.0,0.6791666720999618
19,914020,NORMAL,SAMPLED_CURRENT_ASSET,0.0661450389964924,FAILED,SUCCESS,LIFT_BELOW_THRESHOLD,,0.00036703681411861394,0.09776553458648826,0.0,0.6333333383999644
20,914021,NORMAL,SAMPLED_CURRENT_ASSET,0.06635269219450511,SAFETY_VIOLATION,SUCCESS,PHYSICAL_SAFETY_VIOLATION,,0.0013868768404869877,0.1081480784720404,0.0,0.641666671799964
21,914022,NORMAL,SAMPLED_CURRENT_ASSET,0.06495029484956709,FAILED,SUCCESS,LIFT_BELOW_THRESHOLD,,0.0008711968222322036,0.09410556381116436,0.0,0.658333338599963
22,914023,NORMAL,SAMPLED_CURRENT_ASSET,0.06847225767233628,SUCCESS,SUCCESS,,,0.10144805986894487,0.11205992532362011,0.7208333390999595,0.7416666725999583
23,914024,NORMAL,SAMPLED_CURRENT_ASSET,0.06765679759640358,FAILED,SUCCESS,LIFT_BELOW_THRESHOLD,,0.002658793956395015,0.0968719834940284,0.0,0.6083333381999658
24,914025,NORMAL,SAMPLED_CURRENT_ASSET,0.0643734014147054,FAILED,SUCCESS,LIFT_BELOW_THRESHOLD,,9.050291217409245e-05,0.08974575606461235,0.0,0.5833333379999672
25,914026,NORMAL,SAMPLED_CURRENT_ASSET,0.06263102628471749,FAILED,SUCCESS,LIFT_BELOW_THRESHOLD,,9.151800747786432e-09,0.10915729361801133,0.0,0.7166666723999597
26,914027,NORMAL,SAMPLED_CURRENT_ASSET,0.06643587816967209,FAILED,SUCCESS,LIFT_BELOW_THRESHOLD,,0.0018361470822671686,0.10464620465731608,0.0,0.71250000569996
27,914028,NORMAL,SAMPLED_CURRENT_ASSET,0.06629803912715966,FAILED,SUCCESS,LIFT_BELOW_THRESHOLD,,0.003317388131048468,0.09525888548793654,0.0,0.6291666716999647
28,914029,NORMAL,SAMPLED_CURRENT_ASSET,0.06511905598795463,FAILED,SUCCESS,LIFT_BELOW_THRESHOLD,,0.0005200326776134828,0.09975733416314397,0.0,0.6666666719999625
29,914030,NORMAL,SAMPLED_CURRENT_ASSET,0.06905528713544565,FAILED,SUCCESS,PLACE_NOT_STABLE,,0.07865266957431549,0.10117943198682283,0.6041666714999661,0.6666666719999625
30,914031,NORMAL,SAMPLED_CURRENT_ASSET,0.06432155907184954,FAILED,SUCCESS,LIFT_BELOW_THRESHOLD,,0.0001489524419806404,0.08964852787490066,0.0,0.5750000045999677
31,914032,NORMAL,SAMPLED_CURRENT_ASSET,0.061218066351809396,FAILED,SUCCESS,LIFT_BELOW_THRESHOLD,,9.535416470307645e-09,0.0957135377938467,0.0,0.6041666714999661
32,914033,NORMAL,SAMPLED_CURRENT_ASSET,0.06085421130173576,FAILED,SUCCESS,LIFT_BELOW_THRESHOLD,,9.535416477246539e-09,0.10322449788455623,0.0,0.7333333391999588
33,914034,NORMAL,SAMPLED_CURRENT_ASSET,0.06966454496552109,SAFETY_VIOLATION,SUCCESS,PHYSICAL_SAFETY_VIOLATION,,0.11147495878973916,0.11468172967665684,0.8833333403999504,0.9333333407999476
34,914035,NORMAL,SAMPLED_CURRENT_ASSET,0.06342829663113735,SAFETY_VIOLATION,SUCCESS,PHYSICAL_SAFETY_VIOLATION,,1.5541175485092595e-05,0.11160508514277853,0.0,0.6833333387999616
35,914036,NORMAL,SAMPLED_CURRENT_ASSET,0.06323542843524957,FAILED,SUCCESS,LIFT_BELOW_THRESHOLD,,3.972597157481106e-08,0.09947612206155648,0.0,0.6166666715999654
36,914037,NORMAL,SAMPLED_CURRENT_ASSET,0.06911244426617376,FAILED,FAILED,HOLD_TOO_SHORT,LIFT_BELOW_THRESHOLD,0.07348865669789363,0.0002264106456202515,0.4750000037999733,0.0
37,914038,NORMAL,SAMPLED_CURRENT_ASSET,0.06753637165619598,FAILED,SUCCESS,LIFT_BELOW_THRESHOLD,,0.0017109838742565622,0.10527773855294029,0.0,0.6291666716999647
38,914039,NORMAL,SAMPLED_CURRENT_ASSET,0.06458655352613073,SAFETY_VIOLATION,SUCCESS,PHYSICAL_SAFETY_VIOLATION,,0.0033682268666098067,0.1148309981121596,0.0,0.8666666735999513
39,914040,NORMAL,SAMPLED_CURRENT_ASSET,0.06406769489448308,FAILED,SUCCESS,LIFT_BELOW_THRESHOLD,,5.207825503302649e-05,0.10081672254698487,0.0,0.6750000053999621
40,914041,NORMAL,SAMPLED_CURRENT_ASSET,0.0654780423304958,FAILED,SUCCESS,LIFT_BELOW_THRESHOLD,,9.132252544852282e-05,0.10369095902020474,0.0,0.6500000051999635
41,914042,NORMAL,SAMPLED_CURRENT_ASSET,0.06371957437282981,SAFETY_VIOLATION,SUCCESS,PHYSICAL_SAFETY_VIOLATION,,8.282184215287203e-06,0.0998465582564364,0.0,0.658333338599963
