index,case,seed,y_width_m,mass_kg,baseline-t5_status,variant-h1-t5_status,variant-h1-h2-t5_status,variant-h3-t5_status,baseline-t5_lift_m,variant-h1-t5_lift_m,variant-h1-h2-t5_lift_m,variant-h3-t5_lift_m,baseline-t5_hold_s,variant-h1-t5_hold_s,variant-h1-h2-t5_hold_s,variant-h3-t5_hold_s
0,NORMAL,20261003,0.07,0.08,SUCCESS,SUCCESS,SUCCESS,SUCCESS,0.09457716001463214,0.10583129143990262,0.1044586773371884,0.10389920812730212,0.7166666723999597,0.7458333392999581,0.7166666723999597,0.7625000060999572
1,NO_CONTACT,20261003,0.07,0.08,FAILED,FAILED,FAILED,FAILED,9.535416470307645e-09,9.535416470307645e-09,9.535416470307645e-09,9.535416470307645e-09,0.0,0.0,0.0,0.0
2,NORMAL,20261005,0.06187005506287259,0.10205076978136415,FAILED,SUCCESS,SUCCESS,SUCCESS,8.41833430631489e-07,0.09998935769038163,0.09993080959284696,0.09968568180380007,0.0,0.658333338599963,0.6625000052999628,0.658333338599963
3,NORMAL,20261006,0.06994294443529209,0.10899998082309822,SUCCESS,SUCCESS,SUCCESS,SUCCESS,0.09146128330786768,0.10823499651002924,0.10502105207846679,0.10409677904759557,0.6333333383999644,0.6708333386999623,0.6708333386999623,0.6708333386999623
4,NORMAL,20261007,0.06503027654352476,0.0769672290555358,FAILED,SUCCESS,SUCCESS,SUCCESS,0.00017187025936388212,0.10511897559601607,0.10448350560325645,0.10493564631160349,0.0,0.7500000059999579,0.7458333392999581,0.7458333392999581
5,NORMAL,20261008,0.06991398615562418,0.08367172678085934,SUCCESS,SAFETY_VIOLATION,FAILED,SUCCESS,0.1019291177446511,0.1009065122145826,3.9661169527652196e-05,0.1011242972250753,0.5958333380999665,0.7208333390999595,0.0,0.6916666721999611
6,NORMAL,20261009,0.0661736084518773,0.14331163799612123,FAILED,SUCCESS,SUCCESS,SUCCESS,0.0003083187905084106,0.09286278897815425,0.09163700209100169,0.09197508115184118,0.0,0.5375000042999698,0.5375000042999698,0.6541666719002421
7,NORMAL,20261010,0.06029606642228169,0.08519224879508178,FAILED,SUCCESS,SUCCESS,SUCCESS,9.535416477246539e-09,0.10458518688383776,0.1026236896168418,0.1010147956471678,0.0,0.7208333390999595,0.7166666723999597,0.7166666723999597
8,NORMAL,20261011,0.06320598377774929,0.14373705802630776,SAFETY_VIOLATION,SAFETY_VIOLATION,SUCCESS,SUCCESS,2.164653759482993e-06,0.08921133342913909,0.08953995521033214,0.09195336419154132,0.0,0.587500004699967,0.587500004699967,0.5916666713999668
9,NORMAL,20261012,0.068919163756988,0.09227812841325365,SUCCESS,SUCCESS,SUCCESS,SUCCESS,0.08986613819624692,0.10876806643469195,0.10587190223439086,0.10580103951783235,0.6750000053999621,0.6958333388999609,0.6958333388999609,0.6958333388999609
10,NORMAL,20261013,0.06681981599779556,0.07719434599978783,SUCCESS,SUCCESS,SUCCESS,SUCCESS,0.08038766224858473,0.10691365586513055,0.1043964315200642,0.1040111048854847,0.6541666718999632,0.7041666722999604,0.7041666722999604,0.7041666722999604
11,NORMAL,20261014,0.061159668118158164,0.10667186781096409,FAILED,SUCCESS,SUCCESS,SUCCESS,9.377757570483425e-09,0.09762806108247896,0.09736548388059837,0.09555400009313703,0.0,0.6083333381999658,0.6083333381999658,0.5833333379999672
12,NORMAL,20261015,0.06474898918921505,0.05218100242343537,FAILED,SUCCESS,SUCCESS,SUCCESS,0.0003238008098786424,0.1167071373133066,0.1096401116150877,0.10914026719427107,0.0,1.033333341599942,0.8833333403999504,0.8875000070999501
13,NORMAL,20261016,0.06625777176101187,0.06993484391273588,FAILED,SUCCESS,SUCCESS,SUCCESS,0.06044199436238268,0.1098000531150638,0.1111702377852446,0.11440434778291539,0.0,0.7541666726999576,0.7541666726999576,0.7500000059999579
14,NORMAL,20261017,0.06957254260977834,0.08636247720642636,SUCCESS,SUCCESS,SUCCESS,SUCCESS,0.09139483040068808,0.10626788243369856,0.10475773478346667,0.10616409969599522,0.7333333392001506,0.7333333391999588,0.7333333391999588,0.7333333391999588
15,NORMAL,20261018,0.06034055344896229,0.11663146635267287,FAILED,SUCCESS,SUCCESS,SUCCESS,7.299424950590883e-08,0.09574759621385065,0.0951554279219819,0.09796695830061672,0.0,0.6000000047999663,0.5958333380999665,0.6000000047999663
16,NORMAL,20261019,0.06148149165665188,0.14382947414649894,FAILED,SUCCESS,SUCCESS,SUCCESS,7.922313279701276e-08,0.09304738034456658,0.09363462723010005,0.08944925302627443,0.0,0.5958333380999665,0.8333333400003085,0.5916666713999668
17,NORMAL,20261020,0.06860430427933384,0.05905740231744168,SUCCESS,SAFETY_VIOLATION,FAILED,SUCCESS,0.10517888656781456,0.11273746888053855,0.0004782099975387394,0.11338252250111945,0.7958333396999553,0.783333339599956,0.0,0.783333339599956
18,NORMAL,20261021,0.06163051900077717,0.13156378198298257,FAILED,SUCCESS,SUCCESS,SUCCESS,9.103646999436554e-09,0.1048998741168666,0.10408487654572232,0.10490913186326739,0.0,0.6666666719999625,0.6625000052999628,0.8041666731002977
19,NORMAL,20261022,0.06164296859105308,0.12459154373514976,FAILED,SUCCESS,SUCCESS,SUCCESS,9.535416470307645e-09,0.09871575551258785,0.09896229018802005,0.09850873831977824,0.0,0.6666666719999625,0.7166666723999722,0.6666666719999625
